timestamp,datetime,date,price_usd,volume_usd,market_cap_usd,source,price_change_pct,volume_change_pct,proposal_id,dao,proposal_title,proposal_start,proposal_end,activist_score,detection_methods,days_from_proposal
1741996800000,2025-03-14 20:00:00,2025-03-14,1.4392562742923183,9887738.977857817,89859304.17431138,coingecko,,,0x8bdf8fd81fc094db8782d91921ac4365ee84809f1d8c93c5c32c62ec6b4c2272,balancer.eth,[BIP-843] Balancer DAO Investment Policy Statement,2025-06-12 14:44:45,2025-06-22 14:44:45,0.23,"['pattern_matching_financial_activism', 'sentiment_analysis', 'structural_analysis']",-90
1742083200000,2025-03-15 20:00:00,2025-03-15,1.4571058758938027,6694465.745994708,91008067.49170355,coingecko,1.240196198572141,-32.295282460570505,0x8bdf8fd81fc094db8782d91921ac4365ee84809f1d8c93c5c32c62ec6b4c2272,balancer.eth,[BIP-843] Balancer DAO Investment Policy Statement,2025-06-12 14:44:45,2025-06-22 14:44:45,0.23,"['pattern_matching_financial_activism', 'sentiment_analysis', 'structural_analysis']",-89
1742169600000,2025-03-16 20:00:00,2025-03-16,1.3934744900412668,8478048.2455791,87061183.9596008,coingecko,-4.366970644017465,26.64264135867014,0x8bdf8fd81fc094db8782d91921ac4365ee84809f1d8c93c5c32c62ec6b4c2272,balancer.eth,[BIP-843] Balancer DAO Investment Policy Statement,2025-06-12 14:44:45,2025-06-22 14:44:45,0.23,"['pattern_matching_financial_activism', 'sentiment_analysis', 'structural_analysis']",-88
1742256000000,2025-03-17 20:00:00,2025-03-17,1.4665876758993361,7866840.016012617,91573701.43697214,coingecko,5.246826287857198,-7.209303507858644,0x8bdf8fd81fc094db8782d91921ac4365ee84809f1d8c93c5c32c62ec6b4c2272,balancer.eth,[BIP-843] Balancer DAO Investment Policy Statement,2025-06-12 14:44:45,2025-06-22 14:44:45,0.23,"['pattern_matching_financial_activism', 'sentiment_analysis', 'structural_analysis']",-87
1742342400000,2025-03-18 20:00:00,2025-03-18,1.4377729543956081,9786075.34243877,89862365.45381361,coingecko,-1.964745918518529,24.396521634094892,0x8bdf8fd81fc094db8782d91921ac4365ee84809f1d8c93c5c32c62ec6b4c2272,balancer.eth,[BIP-843] Balancer DAO Investment Policy Statement,2025-06-12 14:44:45,2025-06-22 14:44:45,0.23,"['pattern_matching_financial_activism', 'sentiment_analysis', 'structural_analysis']",-86
1742428800000,2025-03-19 20:00:00,2025-03-19,1.5397977304831194,10035372.185029011,96297295.71600725,coingecko,7.096028324611181,2.547464983323078,0x8bdf8fd81fc094db8782d91921ac4365ee84809f1d8c93c5c32c62ec6b4c2272,balancer.eth,[BIP-843] Balancer DAO Investment Policy Statement,2025-06-12 14:44:45,2025-06-22 14:44:45,0.23,"['pattern_matching_financial_activism', 'sentiment_analysis', 'structural_analysis']",-85
1742515200000,2025-03-20 20:00:00,2025-03-20,1.4783975319357083,8309147.923153438,92492982.59630603,coingecko,-3.9875496197897653,-17.201397517182205,0x8bdf8fd81fc094db8782d91921ac4365ee84809f1d8c93c5c32c62ec6b4c2272,balancer.eth,[BIP-843] Balancer DAO Investment Policy Statement,2025-06-12 14:44:45,2025-06-22 14:44:45,0.23,"['pattern_matching_financial_activism', 'sentiment_analysis', 'structural_analysis']",-84
1742601600000,2025-03-21 20:00:00,2025-03-21,1.4536672689899317,8507316.588220706,90990119.22457235,coingecko,-1.6727749073956133,2.384945687572504,0x8bdf8fd81fc094db8782d91921ac4365ee84809f1d8c93c5c32c62ec6b4c2272,balancer.eth,[BIP-843] Balancer DAO Investment Policy Statement,2025-06-12 14:44:45,2025-06-22 14:44:45,0.23,"['pattern_matching_financial_activism', 'sentiment_analysis', 'structural_analysis']",-83
1742688000000,2025-03-22 20:00:00,2025-03-22,1.4747108065634729,7290415.917147719,92265694.95232752,coingecko,1.4476172107915186,-14.304165813670512,0x8bdf8fd81fc094db8782d91921ac4365ee84809f1d8c93c5c32c62ec6b4c2272,balancer.eth,[BIP-843] Balancer DAO Investment Policy Statement,2025-06-12 14:44:45,2025-06-22 14:44:45,0.23,"['pattern_matching_financial_activism', 'sentiment_analysis', 'structural_analysis']",-82
1742774400000,2025-03-23 20:00:00,2025-03-23,1.4753623373451543,8467026.571549881,92364488.73865955,coingecko,0.04418024054491099,16.13914305814388,0x8bdf8fd81fc094db8782d91921ac4365ee84809f1d8c93c5c32c62ec6b4c2272,balancer.eth,[BIP-843] Balancer DAO Investment Policy Statement,2025-06-12 14:44:45,2025-06-22 14:44:45,0.23,"['pattern_matching_financial_activism', 'sentiment_analysis', 'structural_analysis']",-81
1742860800000,2025-03-24 20:00:00,2025-03-24,1.5467284910322954,9642578.61980749,96588572.6665697,coingecko,4.83719503207336,13.883882828566874,0x8bdf8fd81fc094db8782d91921ac4365ee84809f1d8c93c5c32c62ec6b4c2272,balancer.eth,[BIP-843] Balancer DAO Investment Policy Statement,2025-06-12 14:44:45,2025-06-22 14:44:45,0.23,"['pattern_matching_financial_activism', 'sentiment_analysis', 'structural_analysis']",-80
1742947200000,2025-03-25 20:00:00,2025-03-25,1.5469729418997709,8409460.64301497,96797352.44463888,coingecko,0.01580438124033634,-12.788259504148469,0x8bdf8fd81fc094db8782d91921ac4365ee84809f1d8c93c5c32c62ec6b4c2272,balancer.eth,[BIP-843] Balancer DAO Investment Policy Statement,2025-06-12 14:44:45,2025-06-22 14:44:45,0.23,"['pattern_matching_financial_activism', 'sentiment_analysis', 'structural_analysis']",-79
1743033600000,2025-03-26 20:00:00,2025-03-26,1.4926436126961766,8474138.97796945,93444958.6830607,coingecko,-3.5119766953955023,0.7691139503483324,0x8bdf8fd81fc094db8782d91921ac4365ee84809f1d8c93c5c32c62ec6b4c2272,balancer.eth,[BIP-843] Balancer DAO Investment Policy Statement,2025-06-12 14:44:45,2025-06-22 14:44:45,0.23,"['pattern_matching_financial_activism', 'sentiment_analysis', 'structural_analysis']",-78
1743120000000,2025-03-27 20:00:00,2025-03-27,1.4615710471199268,9590246.5839685,91618772.94916947,coingecko,-2.081713632909543,13.170749369353473,0x8bdf8fd81fc094db8782d91921ac4365ee84809f1d8c93c5c32c62ec6b4c2272,balancer.eth,[BIP-843] Balancer DAO Investment Policy Statement,2025-06-12 14:44:45,2025-06-22 14:44:45,0.23,"['pattern_matching_financial_activism', 'sentiment_analysis', 'structural_analysis']",-77
1743206400000,2025-03-28 20:00:00,2025-03-28,1.3882044888979728,8991905.43059101,86940629.11031953,coingecko,-5.019705225177063,-6.239059112178669,0x8bdf8fd81fc094db8782d91921ac4365ee84809f1d8c93c5c32c62ec6b4c2272,balancer.eth,[BIP-843] Balancer DAO Investment Policy Statement,2025-06-12 14:44:45,2025-06-22 14:44:45,0.23,"['pattern_matching_financial_activism', 'sentiment_analysis', 'structural_analysis']",-76
1743292800000,2025-03-29 20:00:00,2025-03-29,1.3258953993502094,7421933.0888599865,83153738.52670988,coingecko,-4.488466219931874,-17.459840451500764,0x8bdf8fd81fc094db8782d91921ac4365ee84809f1d8c93c5c32c62ec6b4c2272,balancer.eth,[BIP-843] Balancer DAO Investment Policy Statement,2025-06-12 14:44:45,2025-06-22 14:44:45,0.23,"['pattern_matching_financial_activism', 'sentiment_analysis', 'structural_analysis']",-75
1743379200000,2025-03-30 20:00:00,2025-03-30,1.3251370319575422,7284034.90604226,83170956.63575193,coingecko,-0.05719662297937189,-1.8579820266057867,0x8bdf8fd81fc094db8782d91921ac4365ee84809f1d8c93c5c32c62ec6b4c2272,balancer.eth,[BIP-843] Balancer DAO Investment Policy Statement,2025-06-12 14:44:45,2025-06-22 14:44:45,0.23,"['pattern_matching_financial_activism', 'sentiment_analysis', 'structural_analysis']",-74
1743465600000,2025-03-31 20:00:00,2025-03-31,1.320648475766893,9364497.317931475,82826283.82204267,coingecko,-0.33872392683935715,28.56195005550328,0x8bdf8fd81fc094db8782d91921ac4365ee84809f1d8c93c5c32c62ec6b4c2272,balancer.eth,[BIP-843] Balancer DAO Investment Policy Statement,2025-06-12 14:44:45,2025-06-22 14:44:45,0.23,"['pattern_matching_financial_activism', 'sentiment_analysis', 'structural_analysis']",-73
1743552000000,2025-04-01 20:00:00,2025-04-01,1.3608064256962014,8139974.776008941,85384036.76955815,coingecko,3.040775093916559,-13.076222891086465,0x8bdf8fd81fc094db8782d91921ac4365ee84809f1d8c93c5c32c62ec6b4c2272,balancer.eth,[BIP-843] Balancer DAO Investment Policy Statement,2025-06-12 14:44:45,2025-06-22 14:44:45,0.23,"['pattern_matching_financial_activism', 'sentiment_analysis', 'structural_analysis']",-72
1743638400000,2025-04-02 20:00:00,2025-04-02,1.2555474125595567,12026536.648476632,78789287.39652553,coingecko,-7.735046745005858,47.746608305502455,0x8bdf8fd81fc094db8782d91921ac4365ee84809f1d8c93c5c32c62ec6b4c2272,balancer.eth,[BIP-843] Balancer DAO Investment Policy Statement,2025-06-12 14:44:45,2025-06-22 14:44:45,0.23,"['pattern_matching_financial_activism', 'sentiment_analysis', 'structural_analysis']",-71
1743724800000,2025-04-03 20:00:00,2025-04-03,1.2497393209081091,9055629.781181548,78488121.23480575,coingecko,-0.4625943706583868,-24.702929481127068,0x8bdf8fd81fc094db8782d91921ac4365ee84809f1d8c93c5c32c62ec6b4c2272,balancer.eth,[BIP-843] Balancer DAO Investment Policy Statement,2025-06-12 14:44:45,2025-06-22 14:44:45,0.23,"['pattern_matching_financial_activism', 'sentiment_analysis', 'structural_analysis']",-70
1743811200000,2025-04-04 20:00:00,2025-04-04,1.2436328472871154,7990824.712086216,78130813.64749101,coingecko,-0.4886197880496046,-11.758487204369782,0x8bdf8fd81fc094db8782d91921ac4365ee84809f1d8c93c5c32c62ec6b4c2272,balancer.eth,[BIP-843] Balancer DAO Investment Policy Statement,2025-06-12 14:44:45,2025-06-22 14:44:45,0.23,"['pattern_matching_financial_activism', 'sentiment_analysis', 'structural_analysis']",-69
1743897600000,2025-04-05 20:00:00,2025-04-05,1.2391421106905176,5704126.75323737,77693916.46444699,coingecko,-0.36109826195037664,-28.616545115677326,0x8bdf8fd81fc094db8782d91921ac4365ee84809f1d8c93c5c32c62ec6b4c2272,balancer.eth,[BIP-843] Balancer DAO Investment Policy Statement,2025-06-12 14:44:45,2025-06-22 14:44:45,0.23,"['pattern_matching_financial_activism', 'sentiment_analysis', 'structural_analysis']",-68
1743984000000,2025-04-06 20:00:00,2025-04-06,1.055393536786381,10385495.685186338,66381791.59090804,coingecko,-14.82869255421736,82.0698616013759,0x8bdf8fd81fc094db8782d91921ac4365ee84809f1d8c93c5c32c62ec6b4c2272,balancer.eth,[BIP-843] Balancer DAO Investment Policy Statement,2025-06-12 14:44:45,2025-06-22 14:44:45,0.23,"['pattern_matching_financial_activism', 'sentiment_analysis', 'structural_analysis']",-67
1744070400000,2025-04-07 20:00:00,2025-04-07,1.083397553131328,17296796.20905001,68042799.88237861,coingecko,2.6534193520094673,66.54762308285211,0x8bdf8fd81fc094db8782d91921ac4365ee84809f1d8c93c5c32c62ec6b4c2272,balancer.eth,[BIP-843] Balancer DAO Investment Policy Statement,2025-06-12 14:44:45,2025-06-22 14:44:45,0.23,"['pattern_matching_financial_activism', 'sentiment_analysis', 'structural_analysis']",-66
1744156800000,2025-04-08 20:00:00,2025-04-08,0.776531011785544,39599353.46101021,48845708.2079711,coingecko,-28.3244632091749,128.94039440836497,0x8bdf8fd81fc094db8782d91921ac4365ee84809f1d8c93c5c32c62ec6b4c2272,balancer.eth,[BIP-843] Balancer DAO Investment Policy Statement,2025-06-12 14:44:45,2025-06-22 14:44:45,0.23,"['pattern_matching_financial_activism', 'sentiment_analysis', 'structural_analysis']",-65
1744243200000,2025-04-09 20:00:00,2025-04-09,0.8941546349061344,28926476.192155875,56255078.14671269,coingecko,15.147318179879065,-26.952150315693725,0x8bdf8fd81fc094db8782d91921ac4365ee84809f1d8c93c5c32c62ec6b4c2272,balancer.eth,[BIP-843] Balancer DAO Investment Policy Statement,2025-06-12 14:44:45,2025-06-22 14:44:45,0.23,"['pattern_matching_financial_activism', 'sentiment_analysis', 'structural_analysis']",-64
1744329600000,2025-04-10 20:00:00,2025-04-10,0.833591659292622,11836378.998010566,52486430.380565345,coingecko,-6.77321049953179,-59.0811583153696,0x8bdf8fd81fc094db8782d91921ac4365ee84809f1d8c93c5c32c62ec6b4c2272,balancer.eth,[BIP-843] Balancer DAO Investment Policy Statement,2025-06-12 14:44:45,2025-06-22 14:44:45,0.23,"['pattern_matching_financial_activism', 'sentiment_analysis', 'structural_analysis']",-63
1744416000000,2025-04-11 20:00:00,2025-04-11,0.8614843798461728,11677095.968023727,54228088.247318216,coingecko,3.346089208380554,-1.3457074162090632,0x8bdf8fd81fc094db8782d91921ac4365ee84809f1d8c93c5c32c62ec6b4c2272,balancer.eth,[BIP-843] Balancer DAO Investment Policy Statement,2025-06-12 14:44:45,2025-06-22 14:44:45,0.23,"['pattern_matching_financial_activism', 'sentiment_analysis', 'structural_analysis']",-62
1744502400000,2025-04-12 20:00:00,2025-04-12,0.8861403183989814,11098949.09633505,55748474.213710904,coingecko,2.8620296699066294,-4.9511186109274075,0x8bdf8fd81fc094db8782d91921ac4365ee84809f1d8c93c5c32c62ec6b4c2272,balancer.eth,[BIP-843] Balancer DAO Investment Policy Statement,2025-06-12 14:44:45,2025-06-22 14:44:45,0.23,"['pattern_matching_financial_activism', 'sentiment_analysis', 'structural_analysis']",-61
1744588800000,2025-04-13 20:00:00,2025-04-13,0.8291174901493042,8847786.1080109,52134657.88732823,coingecko,-6.434966005463128,-20.282667924547017,0x8bdf8fd81fc094db8782d91921ac4365ee84809f1d8c93c5c32c62ec6b4c2272,balancer.eth,[BIP-843] Balancer DAO Investment Policy Statement,2025-06-12 14:44:45,2025-06-22 14:44:45,0.23,"['pattern_matching_financial_activism', 'sentiment_analysis', 'structural_analysis']",-60
1744675200000,2025-04-14 20:00:00,2025-04-14,0.8715501100753662,25784617.975757338,54892508.476207405,coingecko,5.117805429290945,191.42451751191874,0x8bdf8fd81fc094db8782d91921ac4365ee84809f1d8c93c5c32c62ec6b4c2272,balancer.eth,[BIP-843] Balancer DAO Investment Policy Statement,2025-06-12 14:44:45,2025-06-22 14:44:45,0.23,"['pattern_matching_financial_activism', 'sentiment_analysis', 'structural_analysis']",-59
1744761600000,2025-04-15 20:00:00,2025-04-15,0.9502089068711984,39572134.77648206,59863886.15575192,coingecko,9.025160560077294,53.47186766035365,0x8bdf8fd81fc094db8782d91921ac4365ee84809f1d8c93c5c32c62ec6b4c2272,balancer.eth,[BIP-843] Balancer DAO Investment Policy Statement,2025-06-12 14:44:45,2025-06-22 14:44:45,0.23,"['pattern_matching_financial_activism', 'sentiment_analysis', 'structural_analysis']",-58
1744848000000,2025-04-16 20:00:00,2025-04-16,0.9320267309982248,11952573.419354867,58616628.52971197,coingecko,-1.913492469023792,-69.79547985756294,0x8bdf8fd81fc094db8782d91921ac4365ee84809f1d8c93c5c32c62ec6b4c2272,balancer.eth,[BIP-843] Balancer DAO Investment Policy Statement,2025-06-12 14:44:45,2025-06-22 14:44:45,0.23,"['pattern_matching_financial_activism', 'sentiment_analysis', 'structural_analysis']",-57
1744934400000,2025-04-17 20:00:00,2025-04-17,0.9198350712105314,5139406.757844358,57950299.281146705,coingecko,-1.3080804854851857,-57.001671710946454,0x8bdf8fd81fc094db8782d91921ac4365ee84809f1d8c93c5c32c62ec6b4c2272,balancer.eth,[BIP-843] Balancer DAO Investment Policy Statement,2025-06-12 14:44:45,2025-06-22 14:44:45,0.23,"['pattern_matching_financial_activism', 'sentiment_analysis', 'structural_analysis']",-56
1745020800000,2025-04-18 20:00:00,2025-04-18,0.919836826009829,4001350.696907704,57952532.67265843,coingecko,0.0001907732540828988,-22.14372425766107,0x8bdf8fd81fc094db8782d91921ac4365ee84809f1d8c93c5c32c62ec6b4c2272,balancer.eth,[BIP-843] Balancer DAO Investment Policy Statement,2025-06-12 14:44:45,2025-06-22 14:44:45,0.23,"['pattern_matching_financial_activism', 'sentiment_analysis', 'structural_analysis']",-55
1745107200000,2025-04-19 20:00:00,2025-04-19,0.9365152785155809,4160925.512409505,59168899.28288746,coingecko,1.813196866459621,3.9880237347134306,0x8bdf8fd81fc094db8782d91921ac4365ee84809f1d8c93c5c32c62ec6b4c2272,balancer.eth,[BIP-843] Balancer DAO Investment Policy Statement,2025-06-12 14:44:45,2025-06-22 14:44:45,0.23,"['pattern_matching_financial_activism', 'sentiment_analysis', 'structural_analysis']",-54
1745193600000,2025-04-20 20:00:00,2025-04-20,0.9100793223651428,4194174.9435623838,57192221.85566045,coingecko,-2.8228003062950924,0.7990873918246377,0x8bdf8fd81fc094db8782d91921ac4365ee84809f1d8c93c5c32c62ec6b4c2272,balancer.eth,[BIP-843] Balancer DAO Investment Policy Statement,2025-06-12 14:44:45,2025-06-22 14:44:45,0.23,"['pattern_matching_financial_activism', 'sentiment_analysis', 'structural_analysis']",-53
1745280000000,2025-04-21 20:00:00,2025-04-21,0.9072023022752365,5692815.425515181,57202307.90258738,coingecko,-0.3161284977258316,35.731472866983125,0x8bdf8fd81fc094db8782d91921ac4365ee84809f1d8c93c5c32c62ec6b4c2272,balancer.eth,[BIP-843] Balancer DAO Investment Policy Statement,2025-06-12 14:44:45,2025-06-22 14:44:45,0.23,"['pattern_matching_financial_activism', 'sentiment_analysis', 'structural_analysis']",-52
1745366400000,2025-04-22 20:00:00,2025-04-22,0.9764130281140435,9551229.431178724,61671303.64435089,coingecko,7.629028901847867,67.77690329410898,0x8bdf8fd81fc094db8782d91921ac4365ee84809f1d8c93c5c32c62ec6b4c2272,balancer.eth,[BIP-843] Balancer DAO Investment Policy Statement,2025-06-12 14:44:45,2025-06-22 14:44:45,0.23,"['pattern_matching_financial_activism', 'sentiment_analysis', 'structural_analysis']",-51
1745452800000,2025-04-23 20:00:00,2025-04-23,0.9667581605882208,7286182.0973326545,60977456.08106048,coingecko,-0.9888097810893837,-23.71472018515357,0x8bdf8fd81fc094db8782d91921ac4365ee84809f1d8c93c5c32c62ec6b4c2272,balancer.eth,[BIP-843] Balancer DAO Investment Policy Statement,2025-06-12 14:44:45,2025-06-22 14:44:45,0.23,"['pattern_matching_financial_activism', 'sentiment_analysis', 'structural_analysis']",-50
1745539200000,2025-04-24 20:00:00,2025-04-24,0.961321948541449,6083595.102067468,60674461.8200873,coingecko,-0.5623135411098268,-16.505036234346015,0x8bdf8fd81fc094db8782d91921ac4365ee84809f1d8c93c5c32c62ec6b4c2272,balancer.eth,[BIP-843] Balancer DAO Investment Policy Statement,2025-06-12 14:44:45,2025-06-22 14:44:45,0.23,"['pattern_matching_financial_activism', 'sentiment_analysis', 'structural_analysis']",-49
1745625600000,2025-04-25 20:00:00,2025-04-25,0.9704797487371236,6597971.54237647,61285955.21304141,coingecko,0.9526257264352633,8.455139299691306,0x8bdf8fd81fc094db8782d91921ac4365ee84809f1d8c93c5c32c62ec6b4c2272,balancer.eth,[BIP-843] Balancer DAO Investment Policy Statement,2025-06-12 14:44:45,2025-06-22 14:44:45,0.23,"['pattern_matching_financial_activism', 'sentiment_analysis', 'structural_analysis']",-48
1745712000000,2025-04-26 20:00:00,2025-04-26,0.9926457613449766,5026916.715569087,62573079.04407935,coingecko,2.28402629078015,-23.811179189195432,0x8bdf8fd81fc094db8782d91921ac4365ee84809f1d8c93c5c32c62ec6b4c2272,balancer.eth,[BIP-843] Balancer DAO Investment Policy Statement,2025-06-12 14:44:45,2025-06-22 14:44:45,0.23,"['pattern_matching_financial_activism', 'sentiment_analysis', 'structural_analysis']",-47
1745798400000,2025-04-27 20:00:00,2025-04-27,0.9381937278934664,4499504.135497119,59253007.66199701,coingecko,-5.485545354843491,-10.491770799354905,0x8bdf8fd81fc094db8782d91921ac4365ee84809f1d8c93c5c32c62ec6b4c2272,balancer.eth,[BIP-843] Balancer DAO Investment Policy Statement,2025-06-12 14:44:45,2025-06-22 14:44:45,0.23,"['pattern_matching_financial_activism', 'sentiment_analysis', 'structural_analysis']",-46
1745884800000,2025-04-28 20:00:00,2025-04-28,0.9498712753704831,5698229.768336856,60059224.900966525,coingecko,1.244684027384868,26.641283055678254,0x8bdf8fd81fc094db8782d91921ac4365ee84809f1d8c93c5c32c62ec6b4c2272,balancer.eth,[BIP-843] Balancer DAO Investment Policy Statement,2025-06-12 14:44:45,2025-06-22 14:44:45,0.23,"['pattern_matching_financial_activism', 'sentiment_analysis', 'structural_analysis']",-45
1745971200000,2025-04-29 20:00:00,2025-04-29,0.9406127388311235,5814263.760567614,59431838.72168783,coingecko,-0.9747148671011674,2.0363164868415717,0x8bdf8fd81fc094db8782d91921ac4365ee84809f1d8c93c5c32c62ec6b4c2272,balancer.eth,[BIP-843] Balancer DAO Investment Policy Statement,2025-06-12 14:44:45,2025-06-22 14:44:45,0.23,"['pattern_matching_financial_activism', 'sentiment_analysis', 'structural_analysis']",-44
1746057600000,2025-04-30 20:00:00,2025-04-30,0.9360197559413371,6583844.175517801,59142718.67851927,coingecko,-0.48829690479144094,13.236076769848104,0x8bdf8fd81fc094db8782d91921ac4365ee84809f1d8c93c5c32c62ec6b4c2272,balancer.eth,[BIP-843] Balancer DAO Investment Policy Statement,2025-06-12 14:44:45,2025-06-22 14:44:45,0.23,"['pattern_matching_financial_activism', 'sentiment_analysis', 'structural_analysis']",-43
1746144000000,2025-05-01 20:00:00,2025-05-01,1.243277113597765,56888610.42675379,78354763.91534084,coingecko,32.825947925364574,764.0637431592867,0x8bdf8fd81fc094db8782d91921ac4365ee84809f1d8c93c5c32c62ec6b4c2272,balancer.eth,[BIP-843] Balancer DAO Investment Policy Statement,2025-06-12 14:44:45,2025-06-22 14:44:45,0.23,"['pattern_matching_financial_activism', 'sentiment_analysis', 'structural_analysis']",-42
1746230400000,2025-05-02 20:00:00,2025-05-02,1.1720853050544122,15624200.383628016,74093848.99055807,coingecko,-5.72614164330103,-72.53545082851907,0x8bdf8fd81fc094db8782d91921ac4365ee84809f1d8c93c5c32c62ec6b4c2272,balancer.eth,[BIP-843] Balancer DAO Investment Policy Statement,2025-06-12 14:44:45,2025-06-22 14:44:45,0.23,"['pattern_matching_financial_activism', 'sentiment_analysis', 'structural_analysis']",-41
1746316800000,2025-05-03 20:00:00,2025-05-03,1.089763199201926,9662974.350771071,69041788.27018932,coingecko,-7.023559249270206,-38.15379914804139,0x8bdf8fd81fc094db8782d91921ac4365ee84809f1d8c93c5c32c62ec6b4c2272,balancer.eth,[BIP-843] Balancer DAO Investment Policy Statement,2025-06-12 14:44:45,2025-06-22 14:44:45,0.23,"['pattern_matching_financial_activism', 'sentiment_analysis', 'structural_analysis']",-40
1746403200000,2025-05-04 20:00:00,2025-05-04,1.0354273737354125,6790134.794337274,65371463.625531964,coingecko,-4.986021321540834,-29.730385822710538,0x8bdf8fd81fc094db8782d91921ac4365ee84809f1d8c93c5c32c62ec6b4c2272,balancer.eth,[BIP-843] Balancer DAO Investment Policy Statement,2025-06-12 14:44:45,2025-06-22 14:44:45,0.23,"['pattern_matching_financial_activism', 'sentiment_analysis', 'structural_analysis']",-39
1746489600000,2025-05-05 20:00:00,2025-05-05,1.0256786376469487,7514182.101380314,64882702.31692096,coingecko,-0.9415180954019275,10.663224353762013,0x8bdf8fd81fc094db8782d91921ac4365ee84809f1d8c93c5c32c62ec6b4c2272,balancer.eth,[BIP-843] Balancer DAO Investment Policy Statement,2025-06-12 14:44:45,2025-06-22 14:44:45,0.23,"['pattern_matching_financial_activism', 'sentiment_analysis', 'structural_analysis']",-38
1746576000000,2025-05-06 20:00:00,2025-05-06,1.0189843910233995,6501342.267456085,64472217.87911286,coingecko,-0.652665111453099,-13.479042965144206,0x8bdf8fd81fc094db8782d91921ac4365ee84809f1d8c93c5c32c62ec6b4c2272,balancer.eth,[BIP-843] Balancer DAO Investment Policy Statement,2025-06-12 14:44:45,2025-06-22 14:44:45,0.23,"['pattern_matching_financial_activism', 'sentiment_analysis', 'structural_analysis']",-37
1746662400000,2025-05-07 20:00:00,2025-05-07,1.0188434337124874,7428969.714010076,64312636.37682448,coingecko,-0.013833117774308956,14.268245054524131,0x8bdf8fd81fc094db8782d91921ac4365ee84809f1d8c93c5c32c62ec6b4c2272,balancer.eth,[BIP-843] Balancer DAO Investment Policy Statement,2025-06-12 14:44:45,2025-06-22 14:44:45,0.23,"['pattern_matching_financial_activism', 'sentiment_analysis', 'structural_analysis']",-36
1746748800000,2025-05-08 20:00:00,2025-05-08,1.1560273304642232,14002104.734002667,73197034.15201697,coingecko,13.464669075979785,88.47976601111334,0x8bdf8fd81fc094db8782d91921ac4365ee84809f1d8c93c5c32c62ec6b4c2272,balancer.eth,[BIP-843] Balancer DAO Investment Policy Statement,2025-06-12 14:44:45,2025-06-22 14:44:45,0.23,"['pattern_matching_financial_activism', 'sentiment_analysis', 'structural_analysis']",-35
1746835200000,2025-05-09 20:00:00,2025-05-09,1.1640290998695288,17584131.5419435,73750827.52274255,coingecko,0.692178220569617,25.582059811638548,0x8bdf8fd81fc094db8782d91921ac4365ee84809f1d8c93c5c32c62ec6b4c2272,balancer.eth,[BIP-843] Balancer DAO Investment Policy Statement,2025-06-12 14:44:45,2025-06-22 14:44:45,0.23,"['pattern_matching_financial_activism', 'sentiment_analysis', 'structural_analysis']",-34
1746921600000,2025-05-10 20:00:00,2025-05-10,1.208098776557343,16687296.02938137,76490974.3959319,coingecko,3.785960049688941,-5.100254797474113,0x8bdf8fd81fc094db8782d91921ac4365ee84809f1d8c93c5c32c62ec6b4c2272,balancer.eth,[BIP-843] Balancer DAO Investment Policy Statement,2025-06-12 14:44:45,2025-06-22 14:44:45,0.23,"['pattern_matching_financial_activism', 'sentiment_analysis', 'structural_analysis']",-33
1747008000000,2025-05-11 20:00:00,2025-05-11,1.1695060646464484,12917750.647392783,74058044.65275301,coingecko,-3.1944997097729244,-22.589312105157944,0x8bdf8fd81fc094db8782d91921ac4365ee84809f1d8c93c5c32c62ec6b4c2272,balancer.eth,[BIP-843] Balancer DAO Investment Policy Statement,2025-06-12 14:44:45,2025-06-22 14:44:45,0.23,"['pattern_matching_financial_activism', 'sentiment_analysis', 'structural_analysis']",-32
1747094400000,2025-05-12 20:00:00,2025-05-12,1.1482350513782549,19251851.136681527,72758927.95780073,coingecko,-1.8188031606850896,49.034082342866455,0x8bdf8fd81fc094db8782d91921ac4365ee84809f1d8c93c5c32c62ec6b4c2272,balancer.eth,[BIP-843] Balancer DAO Investment Policy Statement,2025-06-12 14:44:45,2025-06-22 14:44:45,0.23,"['pattern_matching_financial_activism', 'sentiment_analysis', 'structural_analysis']",-31
1747180800000,2025-05-13 20:00:00,2025-05-13,1.2049587625107034,13839508.185613446,76430365.77621071,coingecko,4.940078345837096,-28.11336381443169,0x8bdf8fd81fc094db8782d91921ac4365ee84809f1d8c93c5c32c62ec6b4c2272,balancer.eth,[BIP-843] Balancer DAO Investment Policy Statement,2025-06-12 14:44:45,2025-06-22 14:44:45,0.23,"['pattern_matching_financial_activism', 'sentiment_analysis', 'structural_analysis']",-30
1747267200000,2025-05-14 20:00:00,2025-05-14,1.178292735024749,9776380.331433523,74647543.9356442,coingecko,-2.2130240731551676,-29.35890350788374,0x8bdf8fd81fc094db8782d91921ac4365ee84809f1d8c93c5c32c62ec6b4c2272,balancer.eth,[BIP-843] Balancer DAO Investment Policy Statement,2025-06-12 14:44:45,2025-06-22 14:44:45,0.23,"['pattern_matching_financial_activism', 'sentiment_analysis', 'structural_analysis']",-29
1747353600000,2025-05-15 20:00:00,2025-05-15,1.1057568695017947,11974865.72329908,69849404.57520457,coingecko,-6.15601398250416,22.48772364958913,0x8bdf8fd81fc094db8782d91921ac4365ee84809f1d8c93c5c32c62ec6b4c2272,balancer.eth,[BIP-843] Balancer DAO Investment Policy Statement,2025-06-12 14:44:45,2025-06-22 14:44:45,0.23,"['pattern_matching_financial_activism', 'sentiment_analysis', 'structural_analysis']",-28
1747440000000,2025-05-16 20:00:00,2025-05-16,1.1141643091278077,7150094.029765893,70694077.25806089,coingecko,0.7603334745549528,-40.29082083271963,0x8bdf8fd81fc094db8782d91921ac4365ee84809f1d8c93c5c32c62ec6b4c2272,balancer.eth,[BIP-843] Balancer DAO Investment Policy Statement,2025-06-12 14:44:45,2025-06-22 14:44:45,0.23,"['pattern_matching_financial_activism', 'sentiment_analysis', 'structural_analysis']",-27
1747526400000,2025-05-17 20:00:00,2025-05-17,1.251988423540427,40042863.62139368,79362949.116265,coingecko,12.370178552974021,460.0326856499362,0x8bdf8fd81fc094db8782d91921ac4365ee84809f1d8c93c5c32c62ec6b4c2272,balancer.eth,[BIP-843] Balancer DAO Investment Policy Statement,2025-06-12 14:44:45,2025-06-22 14:44:45,0.23,"['pattern_matching_financial_activism', 'sentiment_analysis', 'structural_analysis']",-26
1747612800000,2025-05-18 20:00:00,2025-05-18,1.1673001297616759,16313647.885811118,73987436.67125994,coingecko,-6.764303262426818,-59.2595373796013,0x8bdf8fd81fc094db8782d91921ac4365ee84809f1d8c93c5c32c62ec6b4c2272,balancer.eth,[BIP-843] Balancer DAO Investment Policy Statement,2025-06-12 14:44:45,2025-06-22 14:44:45,0.23,"['pattern_matching_financial_activism', 'sentiment_analysis', 'structural_analysis']",-25
1747699200000,2025-05-19 20:00:00,2025-05-19,1.1577326067994242,11714917.351765208,73425412.45217158,coingecko,-0.8196283644896885,-28.18946789973125,0x8bdf8fd81fc094db8782d91921ac4365ee84809f1d8c93c5c32c62ec6b4c2272,balancer.eth,[BIP-843] Balancer DAO Investment Policy Statement,2025-06-12 14:44:45,2025-06-22 14:44:45,0.23,"['pattern_matching_financial_activism', 'sentiment_analysis', 'structural_analysis']",-24
1747785600000,2025-05-20 20:00:00,2025-05-20,1.1742317584642283,15251623.685225107,74497144.0502435,coingecko,1.4251262828656408,30.18976768903101,0x8bdf8fd81fc094db8782d91921ac4365ee84809f1d8c93c5c32c62ec6b4c2272,balancer.eth,[BIP-843] Balancer DAO Investment Policy Statement,2025-06-12 14:44:45,2025-06-22 14:44:45,0.23,"['pattern_matching_financial_activism', 'sentiment_analysis', 'structural_analysis']",-23
1747872000000,2025-05-21 20:00:00,2025-05-21,1.167418281466041,12867646.91978155,74179751.22030073,coingecko,-0.5802497632238057,-15.630970279925116,0x8bdf8fd81fc094db8782d91921ac4365ee84809f1d8c93c5c32c62ec6b4c2272,balancer.eth,[BIP-843] Balancer DAO Investment Policy Statement,2025-06-12 14:44:45,2025-06-22 14:44:45,0.23,"['pattern_matching_financial_activism', 'sentiment_analysis', 'structural_analysis']",-22
1747958400000,2025-05-22 20:00:00,2025-05-22,1.198648459229747,14996990.755815305,76084748.11965784,coingecko,2.6751489384325255,16.54804370455871,0x8bdf8fd81fc094db8782d91921ac4365ee84809f1d8c93c5c32c62ec6b4c2272,balancer.eth,[BIP-843] Balancer DAO Investment Policy Statement,2025-06-12 14:44:45,2025-06-22 14:44:45,0.23,"['pattern_matching_financial_activism', 'sentiment_analysis', 'structural_analysis']",-21
1748044800000,2025-05-23 20:00:00,2025-05-23,1.0852578557636627,14252562.961142663,68839118.0745402,coingecko,-9.459871457136748,-4.96384779315796,0x8bdf8fd81fc094db8782d91921ac4365ee84809f1d8c93c5c32c62ec6b4c2272,balancer.eth,[BIP-843] Balancer DAO Investment Policy Statement,2025-06-12 14:44:45,2025-06-22 14:44:45,0.23,"['pattern_matching_financial_activism', 'sentiment_analysis', 'structural_analysis']",-20
1748131200000,2025-05-24 20:00:00,2025-05-24,1.1610612820473567,19144273.216515213,73962817.38207172,coingecko,6.984830921159602,34.32161828513942,0x8bdf8fd81fc094db8782d91921ac4365ee84809f1d8c93c5c32c62ec6b4c2272,balancer.eth,[BIP-843] Balancer DAO Investment Policy Statement,2025-06-12 14:44:45,2025-06-22 14:44:45,0.23,"['pattern_matching_financial_activism', 'sentiment_analysis', 'structural_analysis']",-19
1748217600000,2025-05-25 20:00:00,2025-05-25,1.1622521103134207,15213023.588895785,73801251.51997584,coingecko,0.10256377371951064,-20.534859606099086,0x8bdf8fd81fc094db8782d91921ac4365ee84809f1d8c93c5c32c62ec6b4c2272,balancer.eth,[BIP-843] Balancer DAO Investment Policy Statement,2025-06-12 14:44:45,2025-06-22 14:44:45,0.23,"['pattern_matching_financial_activism', 'sentiment_analysis', 'structural_analysis']",-18
1748304000000,2025-05-26 20:00:00,2025-05-26,1.1596097155707095,15874063.147236252,73641905.98893291,coingecko,-0.22735125359322206,4.345221411626343,0x8bdf8fd81fc094db8782d91921ac4365ee84809f1d8c93c5c32c62ec6b4c2272,balancer.eth,[BIP-843] Balancer DAO Investment Policy Statement,2025-06-12 14:44:45,2025-06-22 14:44:45,0.23,"['pattern_matching_financial_activism', 'sentiment_analysis', 'structural_analysis']",-17
1748390400000,2025-05-27 20:00:00,2025-05-27,1.1513695307103275,10935207.93404006,73126193.3644567,coingecko,-0.7105998466325758,-31.112735078517495,0x8bdf8fd81fc094db8782d91921ac4365ee84809f1d8c93c5c32c62ec6b4c2272,balancer.eth,[BIP-843] Balancer DAO Investment Policy Statement,2025-06-12 14:44:45,2025-06-22 14:44:45,0.23,"['pattern_matching_financial_activism', 'sentiment_analysis', 'structural_analysis']",-16
1748476800000,2025-05-28 20:00:00,2025-05-28,1.1589296739729773,8158541.285763431,73610976.05217604,coingecko,0.6566217935249252,-25.391987651493864,0x8bdf8fd81fc094db8782d91921ac4365ee84809f1d8c93c5c32c62ec6b4c2272,balancer.eth,[BIP-843] Balancer DAO Investment Policy Statement,2025-06-12 14:44:45,2025-06-22 14:44:45,0.23,"['pattern_matching_financial_activism', 'sentiment_analysis', 'structural_analysis']",-15
1748563200000,2025-05-29 20:00:00,2025-05-29,1.1164358614237018,9478338.335304584,70991609.78460874,coingecko,-3.6666428950430263,16.176875293187344,0x8bdf8fd81fc094db8782d91921ac4365ee84809f1d8c93c5c32c62ec6b4c2272,balancer.eth,[BIP-843] Balancer DAO Investment Policy Statement,2025-06-12 14:44:45,2025-06-22 14:44:45,0.23,"['pattern_matching_financial_activism', 'sentiment_analysis', 'structural_analysis']",-14
1748649600000,2025-05-30 20:00:00,2025-05-30,1.0477217393398508,20875192.616040573,66617387.26896174,coingecko,-6.154775608535656,120.2410578475067,0x8bdf8fd81fc094db8782d91921ac4365ee84809f1d8c93c5c32c62ec6b4c2272,balancer.eth,[BIP-843] Balancer DAO Investment Policy Statement,2025-06-12 14:44:45,2025-06-22 14:44:45,0.23,"['pattern_matching_financial_activism', 'sentiment_analysis', 'structural_analysis']",-13
1748736000000,2025-05-31 20:00:00,2025-05-31,1.0520363635752963,9143045.115253473,66857494.37106799,coingecko,0.4118101279604991,-56.201385618698794,0x8bdf8fd81fc094db8782d91921ac4365ee84809f1d8c93c5c32c62ec6b4c2272,balancer.eth,[BIP-843] Balancer DAO Investment Policy Statement,2025-06-12 14:44:45,2025-06-22 14:44:45,0.23,"['pattern_matching_financial_activism', 'sentiment_analysis', 'structural_analysis']",-12
1748822400000,2025-06-01 20:00:00,2025-06-01,1.059489489284122,6342920.199554359,67360142.38536023,coingecko,0.7084475372596932,-30.62573661621363,0x8bdf8fd81fc094db8782d91921ac4365ee84809f1d8c93c5c32c62ec6b4c2272,balancer.eth,[BIP-843] Balancer DAO Investment Policy Statement,2025-06-12 14:44:45,2025-06-22 14:44:45,0.23,"['pattern_matching_financial_activism', 'sentiment_analysis', 'structural_analysis']",-11
1748908800000,2025-06-02 20:00:00,2025-06-02,1.0721936241495442,10888871.709126255,68169660.67975679,coingecko,1.1990807831426586,71.66969418740734,0x8bdf8fd81fc094db8782d91921ac4365ee84809f1d8c93c5c32c62ec6b4c2272,balancer.eth,[BIP-843] Balancer DAO Investment Policy Statement,2025-06-12 14:44:45,2025-06-22 14:44:45,0.23,"['pattern_matching_financial_activism', 'sentiment_analysis', 'structural_analysis']",-10
1748995200000,2025-06-03 20:00:00,2025-06-03,1.0924489133033768,9852624.869706746,69477388.43892886,coingecko,1.8891447120755744,-9.516567621519522,0x8bdf8fd81fc094db8782d91921ac4365ee84809f1d8c93c5c32c62ec6b4c2272,balancer.eth,[BIP-843] Balancer DAO Investment Policy Statement,2025-06-12 14:44:45,2025-06-22 14:44:45,0.23,"['pattern_matching_financial_activism', 'sentiment_analysis', 'structural_analysis']",-9
1749081600000,2025-06-04 20:00:00,2025-06-04,1.090577019817937,9762547.466913024,69361499.68225874,coingecko,-0.17134837726915375,-0.9142477663051762,0x8bdf8fd81fc094db8782d91921ac4365ee84809f1d8c93c5c32c62ec6b4c2272,balancer.eth,[BIP-843] Balancer DAO Investment Policy Statement,2025-06-12 14:44:45,2025-06-22 14:44:45,0.23,"['pattern_matching_financial_activism', 'sentiment_analysis', 'structural_analysis']",-8
1749168000000,2025-06-05 20:00:00,2025-06-05,0.9951686746330658,11471589.43861281,63341389.67538009,coingecko,-8.748427983637397,17.506106653944855,0x8bdf8fd81fc094db8782d91921ac4365ee84809f1d8c93c5c32c62ec6b4c2272,balancer.eth,[BIP-843] Balancer DAO Investment Policy Statement,2025-06-12 14:44:45,2025-06-22 14:44:45,0.23,"['pattern_matching_financial_activism', 'sentiment_analysis', 'structural_analysis']",-7
1749254400000,2025-06-06 20:00:00,2025-06-06,1.0401674426857477,9802824.591309883,66215709.09905702,coingecko,4.521722718942467,-14.546936640583963,0x8bdf8fd81fc094db8782d91921ac4365ee84809f1d8c93c5c32c62ec6b4c2272,balancer.eth,[BIP-843] Balancer DAO Investment Policy Statement,2025-06-12 14:44:45,2025-06-22 14:44:45,0.23,"['pattern_matching_financial_activism', 'sentiment_analysis', 'structural_analysis']",-6
1749340800000,2025-06-07 20:00:00,2025-06-07,1.0611676454122327,6823012.588900987,67515282.04816957,coingecko,2.018925209989453,-30.397483650278435,0x8bdf8fd81fc094db8782d91921ac4365ee84809f1d8c93c5c32c62ec6b4c2272,balancer.eth,[BIP-843] Balancer DAO Investment Policy Statement,2025-06-12 14:44:45,2025-06-22 14:44:45,0.23,"['pattern_matching_financial_activism', 'sentiment_analysis', 'structural_analysis']",-5
1749427200000,2025-06-08 20:00:00,2025-06-08,1.0689166737680886,6248205.684015012,68056552.71571773,coingecko,0.730236017782615,-8.424532380623406,0x8bdf8fd81fc094db8782d91921ac4365ee84809f1d8c93c5c32c62ec6b4c2272,balancer.eth,[BIP-843] Balancer DAO Investment Policy Statement,2025-06-12 14:44:45,2025-06-22 14:44:45,0.23,"['pattern_matching_financial_activism', 'sentiment_analysis', 'structural_analysis']",-4
1749513600000,2025-06-09 20:00:00,2025-06-09,1.115776732286408,9747738.19903897,71059745.26077092,coingecko,4.383883203274475,56.00859978052459,0x8bdf8fd81fc094db8782d91921ac4365ee84809f1d8c93c5c32c62ec6b4c2272,balancer.eth,[BIP-843] Balancer DAO Investment Policy Statement,2025-06-12 14:44:45,2025-06-22 14:44:45,0.23,"['pattern_matching_financial_activism', 'sentiment_analysis', 'structural_analysis']",-3
1749600000000,2025-06-10 20:00:00,2025-06-10,1.156678780436604,11751984.62720691,73660819.72304139,coingecko,3.6657914586891494,20.561143387760872,0x8bdf8fd81fc094db8782d91921ac4365ee84809f1d8c93c5c32c62ec6b4c2272,balancer.eth,[BIP-843] Balancer DAO Investment Policy Statement,2025-06-12 14:44:45,2025-06-22 14:44:45,0.23,"['pattern_matching_financial_activism', 'sentiment_analysis', 'structural_analysis']",-2
1749686400000,2025-06-11 20:00:00,2025-06-11,1.1187399007807444,12081745.677609226,71208217.53728262,coingecko,-3.2799840627783627,2.8060030783131573,0x8bdf8fd81fc094db8782d91921ac4365ee84809f1d8c93c5c32c62ec6b4c2272,balancer.eth,[BIP-843] Balancer DAO Investment Policy Statement,2025-06-12 14:44:45,2025-06-22 14:44:45,0.23,"['pattern_matching_financial_activism', 'sentiment_analysis', 'structural_analysis']",-1
1749772800000,2025-06-12 20:00:00,2025-06-12,1.0705850087778273,8596935.933791755,68233241.46138236,coingecko,-4.304386745239963,-28.84359459970901,0x8bdf8fd81fc094db8782d91921ac4365ee84809f1d8c93c5c32c62ec6b4c2272,balancer.eth,[BIP-843] Balancer DAO Investment Policy Statement,2025-06-12 14:44:45,2025-06-22 14:44:45,0.23,"['pattern_matching_financial_activism', 'sentiment_analysis', 'structural_analysis']",0
1749859200000,2025-06-13 20:00:00,2025-06-13,1.0641930303921021,12809998.39962188,67842627.65108202,coingecko,-0.5970547255301217,49.00655882836056,0x8bdf8fd81fc094db8782d91921ac4365ee84809f1d8c93c5c32c62ec6b4c2272,balancer.eth,[BIP-843] Balancer DAO Investment Policy Statement,2025-06-12 14:44:45,2025-06-22 14:44:45,0.23,"['pattern_matching_financial_activism', 'sentiment_analysis', 'structural_analysis']",1
1749945600000,2025-06-14 20:00:00,2025-06-14,1.0621913883391403,6366876.704872391,67997544.7090028,coingecko,-0.18809012987280882,-50.2975995292839,0x8bdf8fd81fc094db8782d91921ac4365ee84809f1d8c93c5c32c62ec6b4c2272,balancer.eth,[BIP-843] Balancer DAO Investment Policy Statement,2025-06-12 14:44:45,2025-06-22 14:44:45,0.23,"['pattern_matching_financial_activism', 'sentiment_analysis', 'structural_analysis']",2
1750032000000,2025-06-15 20:00:00,2025-06-15,1.0730517181651262,4674368.909031387,68542259.35170999,coingecko,1.0224456670626214,-26.583015099786287,0x8bdf8fd81fc094db8782d91921ac4365ee84809f1d8c93c5c32c62ec6b4c2272,balancer.eth,[BIP-843] Balancer DAO Investment Policy Statement,2025-06-12 14:44:45,2025-06-22 14:44:45,0.23,"['pattern_matching_financial_activism', 'sentiment_analysis', 'structural_analysis']",3
1750118400000,2025-06-16 20:00:00,2025-06-16,1.0887535083721664,6349126.524083724,69503323.81638205,coingecko,1.4632836368678959,35.828528891173384,0x8bdf8fd81fc094db8782d91921ac4365ee84809f1d8c93c5c32c62ec6b4c2272,balancer.eth,[BIP-843] Balancer DAO Investment Policy Statement,2025-06-12 14:44:45,2025-06-22 14:44:45,0.23,"['pattern_matching_financial_activism', 'sentiment_analysis', 'structural_analysis']",4
1750204800000,2025-06-17 20:00:00,2025-06-17,1.0624021872029181,9197932.018475162,67804649.97194849,coingecko,-2.420320207155713,44.86925065338123,0x8bdf8fd81fc094db8782d91921ac4365ee84809f1d8c93c5c32c62ec6b4c2272,balancer.eth,[BIP-843] Balancer DAO Investment Policy Statement,2025-06-12 14:44:45,2025-06-22 14:44:45,0.23,"['pattern_matching_financial_activism', 'sentiment_analysis', 'structural_analysis']",5
1750291200000,2025-06-18 20:00:00,2025-06-18,1.0694206164387312,8391892.495417992,68213694.86605442,coingecko,0.6606188617034991,-8.763268976528005,0x8bdf8fd81fc094db8782d91921ac4365ee84809f1d8c93c5c32c62ec6b4c2272,balancer.eth,[BIP-843] Balancer DAO Investment Policy Statement,2025-06-12 14:44:45,2025-06-22 14:44:45,0.23,"['pattern_matching_financial_activism', 'sentiment_analysis', 'structural_analysis']",6
1750377600000,2025-06-19 20:00:00,2025-06-19,1.055773446497962,4456920.470642852,67384365.3988295,coingecko,-1.2761274405028278,-46.890162462443975,0x8bdf8fd81fc094db8782d91921ac4365ee84809f1d8c93c5c32c62ec6b4c2272,balancer.eth,[BIP-843] Balancer DAO Investment Policy Statement,2025-06-12 14:44:45,2025-06-22 14:44:45,0.23,"['pattern_matching_financial_activism', 'sentiment_analysis', 'structural_analysis']",7
1750464000000,2025-06-20 20:00:00,2025-06-20,1.0023311903773997,5173870.368345995,63993172.01611717,coingecko,-5.061905686095081,16.086216983803013,0x8bdf8fd81fc094db8782d91921ac4365ee84809f1d8c93c5c32c62ec6b4c2272,balancer.eth,[BIP-843] Balancer DAO Investment Policy Statement,2025-06-12 14:44:45,2025-06-22 14:44:45,0.23,"['pattern_matching_financial_activism', 'sentiment_analysis', 'structural_analysis']",8
1750550400000,2025-06-21 20:00:00,2025-06-21,0.9643234235015363,4545925.677222586,61518192.059314355,coingecko,-3.791936960632003,-12.136846237300558,0x8bdf8fd81fc094db8782d91921ac4365ee84809f1d8c93c5c32c62ec6b4c2272,balancer.eth,[BIP-843] Balancer DAO Investment Policy Statement,2025-06-12 14:44:45,2025-06-22 14:44:45,0.23,"['pattern_matching_financial_activism', 'sentiment_analysis', 'structural_analysis']",9
1750636800000,2025-06-22 20:00:00,2025-06-22,0.9304427191264603,7544601.674513943,59383564.924536824,coingecko,-3.513417132610186,65.96403483489088,0x8bdf8fd81fc094db8782d91921ac4365ee84809f1d8c93c5c32c62ec6b4c2272,balancer.eth,[BIP-843] Balancer DAO Investment Policy Statement,2025-06-12 14:44:45,2025-06-22 14:44:45,0.23,"['pattern_matching_financial_activism', 'sentiment_analysis', 'structural_analysis']",10
1750723200000,2025-06-23 20:00:00,2025-06-23,0.9769301482963879,6418903.591934738,62358405.72927743,coingecko,4.99626986318642,-14.920576740079882,0x8bdf8fd81fc094db8782d91921ac4365ee84809f1d8c93c5c32c62ec6b4c2272,balancer.eth,[BIP-843] Balancer DAO Investment Policy Statement,2025-06-12 14:44:45,2025-06-22 14:44:45,0.23,"['pattern_matching_financial_activism', 'sentiment_analysis', 'structural_analysis']",11
1750809600000,2025-06-24 20:00:00,2025-06-24,0.9898306060768015,4550969.3729131725,63154637.5519985,coingecko,1.320509741961584,-29.100518371526853,0x8bdf8fd81fc094db8782d91921ac4365ee84809f1d8c93c5c32c62ec6b4c2272,balancer.eth,[BIP-843] Balancer DAO Investment Policy Statement,2025-06-12 14:44:45,2025-06-22 14:44:45,0.23,"['pattern_matching_financial_activism', 'sentiment_analysis', 'structural_analysis']",12
1750896000000,2025-06-25 20:00:00,2025-06-25,0.9816622146844467,4265769.095684405,62717900.07556399,coingecko,-0.8252312408009166,-6.266802825047457,0x8bdf8fd81fc094db8782d91921ac4365ee84809f1d8c93c5c32c62ec6b4c2272,balancer.eth,[BIP-843] Balancer DAO Investment Policy Statement,2025-06-12 14:44:45,2025-06-22 14:44:45,0.23,"['pattern_matching_financial_activism', 'sentiment_analysis', 'structural_analysis']",13
1750982400000,2025-06-26 20:00:00,2025-06-26,0.9616292733919505,4823820.904450016,61661444.19221799,coingecko,-2.040716347520388,13.082091323934542,0x8bdf8fd81fc094db8782d91921ac4365ee84809f1d8c93c5c32c62ec6b4c2272,balancer.eth,[BIP-843] Balancer DAO Investment Policy Statement,2025-06-12 14:44:45,2025-06-22 14:44:45,0.23,"['pattern_matching_financial_activism', 'sentiment_analysis', 'structural_analysis']",14
1751068800000,2025-06-27 20:00:00,2025-06-27,0.9619247820104526,3876160.3100611316,61654835.87195186,coingecko,0.030729994050604503,-19.645434877456992,0x8bdf8fd81fc094db8782d91921ac4365ee84809f1d8c93c5c32c62ec6b4c2272,balancer.eth,[BIP-843] Balancer DAO Investment Policy Statement,2025-06-12 14:44:45,2025-06-22 14:44:45,0.23,"['pattern_matching_financial_activism', 'sentiment_analysis', 'structural_analysis']",15
1751155200000,2025-06-28 20:00:00,2025-06-28,0.976205742390662,2732354.076945179,62598391.23868748,coingecko,1.4846233975136514,-29.508744262899523,0x8bdf8fd81fc094db8782d91921ac4365ee84809f1d8c93c5c32c62ec6b4c2272,balancer.eth,[BIP-843] Balancer DAO Investment Policy Statement,2025-06-12 14:44:45,2025-06-22 14:44:45,0.23,"['pattern_matching_financial_activism', 'sentiment_analysis', 'structural_analysis']",16
1751241600000,2025-06-29 20:00:00,2025-06-29,0.9863064485633288,3323651.402719545,63248924.05006593,coingecko,1.034690304928021,21.640582044749014,0x8bdf8fd81fc094db8782d91921ac4365ee84809f1d8c93c5c32c62ec6b4c2272,balancer.eth,[BIP-843] Balancer DAO Investment Policy Statement,2025-06-12 14:44:45,2025-06-22 14:44:45,0.23,"['pattern_matching_financial_activism', 'sentiment_analysis', 'structural_analysis']",17
1751328000000,2025-06-30 20:00:00,2025-06-30,0.978171306016747,4954150.781967048,62774873.04586998,coingecko,-0.8248088166139089,49.057472691430945,0x8bdf8fd81fc094db8782d91921ac4365ee84809f1d8c93c5c32c62ec6b4c2272,balancer.eth,[BIP-843] Balancer DAO Investment Policy Statement,2025-06-12 14:44:45,2025-06-22 14:44:45,0.23,"['pattern_matching_financial_activism', 'sentiment_analysis', 'structural_analysis']",18
1751414400000,2025-07-01 20:00:00,2025-07-01,0.9580964592477453,3722896.751159881,61452084.102196425,coingecko,-2.0522833419382547,-24.85297854253634,0x8bdf8fd81fc094db8782d91921ac4365ee84809f1d8c93c5c32c62ec6b4c2272,balancer.eth,[BIP-843] Balancer DAO Investment Policy Statement,2025-06-12 14:44:45,2025-06-22 14:44:45,0.23,"['pattern_matching_financial_activism', 'sentiment_analysis', 'structural_analysis']",19
1751500800000,2025-07-02 20:00:00,2025-07-02,0.9994031784682278,6323303.549512305,64176968.02213357,coingecko,4.3113319981283205,69.84901736912954,0x8bdf8fd81fc094db8782d91921ac4365ee84809f1d8c93c5c32c62ec6b4c2272,balancer.eth,[BIP-843] Balancer DAO Investment Policy Statement,2025-06-12 14:44:45,2025-06-22 14:44:45,0.23,"['pattern_matching_financial_activism', 'sentiment_analysis', 'structural_analysis']",20
1751587200000,2025-07-03 20:00:00,2025-07-03,0.9865184660907472,5466409.174441424,63315978.230912484,coingecko,-1.2892406843481141,-13.551371816350176,0x8bdf8fd81fc094db8782d91921ac4365ee84809f1d8c93c5c32c62ec6b4c2272,balancer.eth,[BIP-843] Balancer DAO Investment Policy Statement,2025-06-12 14:44:45,2025-06-22 14:44:45,0.23,"['pattern_matching_financial_activism', 'sentiment_analysis', 'structural_analysis']",21
1751673600000,2025-07-04 20:00:00,2025-07-04,0.9527772941064905,4455955.439411822,61163541.13185952,coingecko,-3.420227106134366,-18.484780461624595,0x8bdf8fd81fc094db8782d91921ac4365ee84809f1d8c93c5c32c62ec6b4c2272,balancer.eth,[BIP-843] Balancer DAO Investment Policy Statement,2025-06-12 14:44:45,2025-06-22 14:44:45,0.23,"['pattern_matching_financial_activism', 'sentiment_analysis', 'structural_analysis']",22
1751760000000,2025-07-05 20:00:00,2025-07-05,0.9529815704200543,2760360.919739497,61188236.641582526,coingecko,0.021440090441626758,-38.05232217259651,0x8bdf8fd81fc094db8782d91921ac4365ee84809f1d8c93c5c32c62ec6b4c2272,balancer.eth,[BIP-843] Balancer DAO Investment Policy Statement,2025-06-12 14:44:45,2025-06-22 14:44:45,0.23,"['pattern_matching_financial_activism', 'sentiment_analysis', 'structural_analysis']",23
1751846400000,2025-07-06 20:00:00,2025-07-06,0.9706964431286917,3836319.238485275,62317620.787535705,coingecko,1.8588893278208118,38.978899862388985,0x8bdf8fd81fc094db8782d91921ac4365ee84809f1d8c93c5c32c62ec6b4c2272,balancer.eth,[BIP-843] Balancer DAO Investment Policy Statement,2025-06-12 14:44:45,2025-06-22 14:44:45,0.23,"['pattern_matching_financial_activism', 'sentiment_analysis', 'structural_analysis']",24
1751932800000,2025-07-07 20:00:00,2025-07-07,0.9594016854888917,3910060.307878764,61618570.713997014,coingecko,-1.1635725792293439,1.9221828218499493,0x8bdf8fd81fc094db8782d91921ac4365ee84809f1d8c93c5c32c62ec6b4c2272,balancer.eth,[BIP-843] Balancer DAO Investment Policy Statement,2025-06-12 14:44:45,2025-06-22 14:44:45,0.23,"['pattern_matching_financial_activism', 'sentiment_analysis', 'structural_analysis']",25
1752019200000,2025-07-08 20:00:00,2025-07-08,0.9756547439414486,4455514.91282383,62687505.15096567,coingecko,1.6940827495289135,13.950030485360433,0x8bdf8fd81fc094db8782d91921ac4365ee84809f1d8c93c5c32c62ec6b4c2272,balancer.eth,[BIP-843] Balancer DAO Investment Policy Statement,2025-06-12 14:44:45,2025-06-22 14:44:45,0.23,"['pattern_matching_financial_activism', 'sentiment_analysis', 'structural_analysis']",26
1752105600000,2025-07-09 20:00:00,2025-07-09,1.0299967336136517,7143808.390904235,66139261.33612218,coingecko,5.569797103909169,60.3363142235924,0x8bdf8fd81fc094db8782d91921ac4365ee84809f1d8c93c5c32c62ec6b4c2272,balancer.eth,[BIP-843] Balancer DAO Investment Policy Statement,2025-06-12 14:44:45,2025-06-22 14:44:45,0.23,"['pattern_matching_financial_activism', 'sentiment_analysis', 'structural_analysis']",27
1752192000000,2025-07-10 20:00:00,2025-07-10,1.0919119005704478,8551794.768999217,70184665.3559599,coingecko,6.011200320953658,19.709184528068867,0x8bdf8fd81fc094db8782d91921ac4365ee84809f1d8c93c5c32c62ec6b4c2272,balancer.eth,[BIP-843] Balancer DAO Investment Policy Statement,2025-06-12 14:44:45,2025-06-22 14:44:45,0.23,"['pattern_matching_financial_activism', 'sentiment_analysis', 'structural_analysis']",28
1752278400000,2025-07-11 20:00:00,2025-07-11,1.090336698501549,11417436.124644749,70175873.42265351,coingecko,-0.14426091226552584,33.50923909018091,0x8bdf8fd81fc094db8782d91921ac4365ee84809f1d8c93c5c32c62ec6b4c2272,balancer.eth,[BIP-843] Balancer DAO Investment Policy Statement,2025-06-12 14:44:45,2025-06-22 14:44:45,0.23,"['pattern_matching_financial_activism', 'sentiment_analysis', 'structural_analysis']",29
1752364800000,2025-07-12 20:00:00,2025-07-12,1.0976742784719606,6224273.595285647,70715197.71901412,coingecko,0.6729645971281784,-45.48448944811317,0x8bdf8fd81fc094db8782d91921ac4365ee84809f1d8c93c5c32c62ec6b4c2272,balancer.eth,[BIP-843] Balancer DAO Investment Policy Statement,2025-06-12 14:44:45,2025-06-22 14:44:45,0.23,"['pattern_matching_financial_activism', 'sentiment_analysis', 'structural_analysis']",30
1752451200000,2025-07-13 20:00:00,2025-07-13,1.1016835882386307,5941850.452012004,70899956.36603688,coingecko,0.36525496181356587,-4.5374474458763085,0x8bdf8fd81fc094db8782d91921ac4365ee84809f1d8c93c5c32c62ec6b4c2272,balancer.eth,[BIP-843] Balancer DAO Investment Policy Statement,2025-06-12 14:44:45,2025-06-22 14:44:45,0.23,"['pattern_matching_financial_activism', 'sentiment_analysis', 'structural_analysis']",31
1752537600000,2025-07-14 20:00:00,2025-07-14,1.1120727090272429,9043760.416586798,71709081.16386981,coingecko,0.9430221979817466,52.20444354206926,0x8bdf8fd81fc094db8782d91921ac4365ee84809f1d8c93c5c32c62ec6b4c2272,balancer.eth,[BIP-843] Balancer DAO Investment Policy Statement,2025-06-12 14:44:45,2025-06-22 14:44:45,0.23,"['pattern_matching_financial_activism', 'sentiment_analysis', 'structural_analysis']",32
1752624000000,2025-07-15 20:00:00,2025-07-15,1.1373368802223165,8214670.884669036,73349105.76732464,coingecko,2.271809297179206,-9.167530913326305,0x8bdf8fd81fc094db8782d91921ac4365ee84809f1d8c93c5c32c62ec6b4c2272,balancer.eth,[BIP-843] Balancer DAO Investment Policy Statement,2025-06-12 14:44:45,2025-06-22 14:44:45,0.23,"['pattern_matching_financial_activism', 'sentiment_analysis', 'structural_analysis']",33
1752710400000,2025-07-16 20:00:00,2025-07-16,1.2252074596255123,12486268.661689622,78958336.19264351,coingecko,7.725994024393157,51.99962161591441,0x8bdf8fd81fc094db8782d91921ac4365ee84809f1d8c93c5c32c62ec6b4c2272,balancer.eth,[BIP-843] Balancer DAO Investment Policy Statement,2025-06-12 14:44:45,2025-06-22 14:44:45,0.23,"['pattern_matching_financial_activism', 'sentiment_analysis', 'structural_analysis']",34
1752796800000,2025-07-17 20:00:00,2025-07-17,1.2386553057204481,9719646.240288092,79913094.31340268,coingecko,1.097597471292433,-22.157319343048275,0x8bdf8fd81fc094db8782d91921ac4365ee84809f1d8c93c5c32c62ec6b4c2272,balancer.eth,[BIP-843] Balancer DAO Investment Policy Statement,2025-06-12 14:44:45,2025-06-22 14:44:45,0.23,"['pattern_matching_financial_activism', 'sentiment_analysis', 'structural_analysis']",35
1752883200000,2025-07-18 20:00:00,2025-07-18,1.2494650132200265,12741886.635880785,80566656.34125607,coingecko,0.8726969843552146,31.094139857327917,0x8bdf8fd81fc094db8782d91921ac4365ee84809f1d8c93c5c32c62ec6b4c2272,balancer.eth,[BIP-843] Balancer DAO Investment Policy Statement,2025-06-12 14:44:45,2025-06-22 14:44:45,0.23,"['pattern_matching_financial_activism', 'sentiment_analysis', 'structural_analysis']",36
1752969600000,2025-07-19 20:00:00,2025-07-19,1.2731008387155982,6486302.0364815835,82160424.13413002,coingecko,1.8916756568204462,-49.09464962420601,0x8bdf8fd81fc094db8782d91921ac4365ee84809f1d8c93c5c32c62ec6b4c2272,balancer.eth,[BIP-843] Balancer DAO Investment Policy Statement,2025-06-12 14:44:45,2025-06-22 14:44:45,0.23,"['pattern_matching_financial_activism', 'sentiment_analysis', 'structural_analysis']",37
1753056000000,2025-07-20 20:00:00,2025-07-20,1.3070335228761178,8284843.985487135,84335142.43064934,coingecko,2.6653571444311908,27.728310197240667,0x8bdf8fd81fc094db8782d91921ac4365ee84809f1d8c93c5c32c62ec6b4c2272,balancer.eth,[BIP-843] Balancer DAO Investment Policy Statement,2025-06-12 14:44:45,2025-06-22 14:44:45,0.23,"['pattern_matching_financial_activism', 'sentiment_analysis', 'structural_analysis']",38
1753142400000,2025-07-21 20:00:00,2025-07-21,1.474744629553037,54718724.73315623,95166560.24226724,coingecko,12.831431156247032,560.4677749998555,0x8bdf8fd81fc094db8782d91921ac4365ee84809f1d8c93c5c32c62ec6b4c2272,balancer.eth,[BIP-843] Balancer DAO Investment Policy Statement,2025-06-12 14:44:45,2025-06-22 14:44:45,0.23,"['pattern_matching_financial_activism', 'sentiment_analysis', 'structural_analysis']",39
1753228800000,2025-07-22 20:00:00,2025-07-22,1.4056676245176778,13515060.178854274,90543776.6069315,coingecko,-4.68399773432605,-75.30084949025691,0x8bdf8fd81fc094db8782d91921ac4365ee84809f1d8c93c5c32c62ec6b4c2272,balancer.eth,[BIP-843] Balancer DAO Investment Policy Statement,2025-06-12 14:44:45,2025-06-22 14:44:45,0.23,"['pattern_matching_financial_activism', 'sentiment_analysis', 'structural_analysis']",40
1753315200000,2025-07-23 20:00:00,2025-07-23,1.3372976959881093,11928233.592674041,86366095.61978835,coingecko,-4.863875879123847,-11.741172922507504,0x8bdf8fd81fc094db8782d91921ac4365ee84809f1d8c93c5c32c62ec6b4c2272,balancer.eth,[BIP-843] Balancer DAO Investment Policy Statement,2025-06-12 14:44:45,2025-06-22 14:44:45,0.23,"['pattern_matching_financial_activism', 'sentiment_analysis', 'structural_analysis']",41
1753401600000,2025-07-24 20:00:00,2025-07-24,1.3240862360738563,9673172.468887277,85609639.54568656,coingecko,-0.9879221323634502,-18.905239457850275,0x8bdf8fd81fc094db8782d91921ac4365ee84809f1d8c93c5c32c62ec6b4c2272,balancer.eth,[BIP-843] Balancer DAO Investment Policy Statement,2025-06-12 14:44:45,2025-06-22 14:44:45,0.23,"['pattern_matching_financial_activism', 'sentiment_analysis', 'structural_analysis']",42
1753488000000,2025-07-25 20:00:00,2025-07-25,1.3307914063638793,10572276.173205175,85944437.00616068,coingecko,0.5063998180288465,9.294817260932419,0x8bdf8fd81fc094db8782d91921ac4365ee84809f1d8c93c5c32c62ec6b4c2272,balancer.eth,[BIP-843] Balancer DAO Investment Policy Statement,2025-06-12 14:44:45,2025-06-22 14:44:45,0.23,"['pattern_matching_financial_activism', 'sentiment_analysis', 'structural_analysis']",43
1753574400000,2025-07-26 20:00:00,2025-07-26,1.369009673914947,12501780.636682421,88388852.37427709,coingecko,2.871845081678992,18.250605942053078,0x8bdf8fd81fc094db8782d91921ac4365ee84809f1d8c93c5c32c62ec6b4c2272,balancer.eth,[BIP-843] Balancer DAO Investment Policy Statement,2025-06-12 14:44:45,2025-06-22 14:44:45,0.23,"['pattern_matching_financial_activism', 'sentiment_analysis', 'structural_analysis']",44
1753660800000,2025-07-27 20:00:00,2025-07-27,1.3892681983625248,5148683.36987329,89705298.02260539,coingecko,1.4797941047154595,-58.816399683368715,0x8bdf8fd81fc094db8782d91921ac4365ee84809f1d8c93c5c32c62ec6b4c2272,balancer.eth,[BIP-843] Balancer DAO Investment Policy Statement,2025-06-12 14:44:45,2025-06-22 14:44:45,0.23,"['pattern_matching_financial_activism', 'sentiment_analysis', 'structural_analysis']",45
1753747200000,2025-07-28 20:00:00,2025-07-28,1.3446820761583098,6948799.6585808955,86832969.32911296,coingecko,-3.209324323177254,34.96265276751534,0x8bdf8fd81fc094db8782d91921ac4365ee84809f1d8c93c5c32c62ec6b4c2272,balancer.eth,[BIP-843] Balancer DAO Investment Policy Statement,2025-06-12 14:44:45,2025-06-22 14:44:45,0.23,"['pattern_matching_financial_activism', 'sentiment_analysis', 'structural_analysis']",46
1753833600000,2025-07-29 20:00:00,2025-07-29,1.2844046518062489,8943927.872659506,82902819.77300502,coingecko,-4.482652473830139,28.711839628515957,0x8bdf8fd81fc094db8782d91921ac4365ee84809f1d8c93c5c32c62ec6b4c2272,balancer.eth,[BIP-843] Balancer DAO Investment Policy Statement,2025-06-12 14:44:45,2025-06-22 14:44:45,0.23,"['pattern_matching_financial_activism', 'sentiment_analysis', 'structural_analysis']",47
1753920000000,2025-07-30 20:00:00,2025-07-30,1.3188193445228251,11327395.39720057,85131548.18467593,coingecko,2.6794275984736604,26.649002076895446,0x8bdf8fd81fc094db8782d91921ac4365ee84809f1d8c93c5c32c62ec6b4c2272,balancer.eth,[BIP-843] Balancer DAO Investment Policy Statement,2025-06-12 14:44:45,2025-06-22 14:44:45,0.23,"['pattern_matching_financial_activism', 'sentiment_analysis', 'structural_analysis']",48
1754006400000,2025-07-31 20:00:00,2025-07-31,1.2814707156436964,19036442.239513837,82675927.91776471,coingecko,-2.831974601695142,68.05665885220591,0x8bdf8fd81fc094db8782d91921ac4365ee84809f1d8c93c5c32c62ec6b4c2272,balancer.eth,[BIP-843] Balancer DAO Investment Policy Statement,2025-06-12 14:44:45,2025-06-22 14:44:45,0.23,"['pattern_matching_financial_activism', 'sentiment_analysis', 'structural_analysis']",49
1754092800000,2025-08-01 20:00:00,2025-08-01,1.2170227362825405,10270398.90905199,78559719.04175657,coingecko,-5.029219831120601,-46.048748081016,0x8bdf8fd81fc094db8782d91921ac4365ee84809f1d8c93c5c32c62ec6b4c2272,balancer.eth,[BIP-843] Balancer DAO Investment Policy Statement,2025-06-12 14:44:45,2025-06-22 14:44:45,0.23,"['pattern_matching_financial_activism', 'sentiment_analysis', 'structural_analysis']",50
1754179200000,2025-08-02 20:00:00,2025-08-02,1.1904467912070034,6822946.862154237,76916274.81780477,coingecko,-2.183685175571559,-33.56687580907186,0x8bdf8fd81fc094db8782d91921ac4365ee84809f1d8c93c5c32c62ec6b4c2272,balancer.eth,[BIP-843] Balancer DAO Investment Policy Statement,2025-06-12 14:44:45,2025-06-22 14:44:45,0.23,"['pattern_matching_financial_activism', 'sentiment_analysis', 'structural_analysis']",51
1754265600000,2025-08-03 20:00:00,2025-08-03,1.2196803782210792,4937288.393706119,78653411.26271574,coingecko,2.455681953196387,-27.637009441002036,0x8bdf8fd81fc094db8782d91921ac4365ee84809f1d8c93c5c32c62ec6b4c2272,balancer.eth,[BIP-843] Balancer DAO Investment Policy Statement,2025-06-12 14:44:45,2025-06-22 14:44:45,0.23,"['pattern_matching_financial_activism', 'sentiment_analysis', 'structural_analysis']",52
1754352000000,2025-08-04 20:00:00,2025-08-04,1.2751330212512302,5862807.779646571,82343196.66365838,coingecko,4.546489721432545,18.74549979945006,0x8bdf8fd81fc094db8782d91921ac4365ee84809f1d8c93c5c32c62ec6b4c2272,balancer.eth,[BIP-843] Balancer DAO Investment Policy Statement,2025-06-12 14:44:45,2025-06-22 14:44:45,0.23,"['pattern_matching_financial_activism', 'sentiment_analysis', 'structural_analysis']",53
1754438400000,2025-08-05 20:00:00,2025-08-05,1.2450205643993613,6450266.076140973,80443650.1084563,coingecko,-2.361514943932741,10.020084549485532,0x8bdf8fd81fc094db8782d91921ac4365ee84809f1d8c93c5c32c62ec6b4c2272,balancer.eth,[BIP-843] Balancer DAO Investment Policy Statement,2025-06-12 14:44:45,2025-06-22 14:44:45,0.23,"['pattern_matching_financial_activism', 'sentiment_analysis', 'structural_analysis']",54
1754524800000,2025-08-06 20:00:00,2025-08-06,1.2655659033002153,9591014.27274672,81718351.73451102,coingecko,1.6502007668255603,48.691761851857976,0x8bdf8fd81fc094db8782d91921ac4365ee84809f1d8c93c5c32c62ec6b4c2272,balancer.eth,[BIP-843] Balancer DAO Investment Policy Statement,2025-06-12 14:44:45,2025-06-22 14:44:45,0.23,"['pattern_matching_financial_activism', 'sentiment_analysis', 'structural_analysis']",55
1754611200000,2025-08-07 20:00:00,2025-08-07,1.3362179828738336,7206074.940699144,86297457.73348784,coingecko,5.582647208602798,-24.866393315923663,0x8bdf8fd81fc094db8782d91921ac4365ee84809f1d8c93c5c32c62ec6b4c2272,balancer.eth,[BIP-843] Balancer DAO Investment Policy Statement,2025-06-12 14:44:45,2025-06-22 14:44:45,0.23,"['pattern_matching_financial_activism', 'sentiment_analysis', 'structural_analysis']",56
1754697600000,2025-08-08 20:00:00,2025-08-08,1.3339605785024446,7441596.276624634,86095829.00399865,coingecko,-0.16893982870473945,3.2683720036727593,0x8bdf8fd81fc094db8782d91921ac4365ee84809f1d8c93c5c32c62ec6b4c2272,balancer.eth,[BIP-843] Balancer DAO Investment Policy Statement,2025-06-12 14:44:45,2025-06-22 14:44:45,0.23,"['pattern_matching_financial_activism', 'sentiment_analysis', 'structural_analysis']",57
1754784000000,2025-08-09 20:00:00,2025-08-09,1.4489847428579385,17015501.61698833,93485642.66075031,coingecko,8.622755890179645,128.65392026757783,0x8bdf8fd81fc094db8782d91921ac4365ee84809f1d8c93c5c32c62ec6b4c2272,balancer.eth,[BIP-843] Balancer DAO Investment Policy Statement,2025-06-12 14:44:45,2025-06-22 14:44:45,0.23,"['pattern_matching_financial_activism', 'sentiment_analysis', 'structural_analysis']",58
1754870400000,2025-08-10 20:00:00,2025-08-10,1.3936975751886627,12876801.918501725,90015617.63905889,coingecko,-3.8155796975631984,-24.32311307445979,0x8bdf8fd81fc094db8782d91921ac4365ee84809f1d8c93c5c32c62ec6b4c2272,balancer.eth,[BIP-843] Balancer DAO Investment Policy Statement,2025-06-12 14:44:45,2025-06-22 14:44:45,0.23,"['pattern_matching_financial_activism', 'sentiment_analysis', 'structural_analysis']",59
1754956800000,2025-08-11 20:00:00,2025-08-11,1.370837293086276,10454820.406628832,88254548.44278282,coingecko,-1.6402613098678964,-18.808874495405004,0x8bdf8fd81fc094db8782d91921ac4365ee84809f1d8c93c5c32c62ec6b4c2272,balancer.eth,[BIP-843] Balancer DAO Investment Policy Statement,2025-06-12 14:44:45,2025-06-22 14:44:45,0.23,"['pattern_matching_financial_activism', 'sentiment_analysis', 'structural_analysis']",60
1755043200000,2025-08-12 20:00:00,2025-08-12,1.5253895826049486,32935270.629589986,98531339.55699916,coingecko,11.274298583657338,215.02473833704045,0x8bdf8fd81fc094db8782d91921ac4365ee84809f1d8c93c5c32c62ec6b4c2272,balancer.eth,[BIP-843] Balancer DAO Investment Policy Statement,2025-06-12 14:44:45,2025-06-22 14:44:45,0.23,"['pattern_matching_financial_activism', 'sentiment_analysis', 'structural_analysis']",61
1755129600000,2025-08-13 20:00:00,2025-08-13,1.5060253817769098,11941787.216301888,97289249.05358575,coingecko,-1.2694593596850212,-63.74164539102634,0x8bdf8fd81fc094db8782d91921ac4365ee84809f1d8c93c5c32c62ec6b4c2272,balancer.eth,[BIP-843] Balancer DAO Investment Policy Statement,2025-06-12 14:44:45,2025-06-22 14:44:45,0.23,"['pattern_matching_financial_activism', 'sentiment_analysis', 'structural_analysis']",62
1755216000000,2025-08-14 20:00:00,2025-08-14,1.3715621281649417,12501419.278668659,88576218.80175163,coingecko,-8.928352419487073,4.686334233144018,0x8bdf8fd81fc094db8782d91921ac4365ee84809f1d8c93c5c32c62ec6b4c2272,balancer.eth,[BIP-843] Balancer DAO Investment Policy Statement,2025-06-12 14:44:45,2025-06-22 14:44:45,0.23,"['pattern_matching_financial_activism', 'sentiment_analysis', 'structural_analysis']",63
1755302400000,2025-08-15 20:00:00,2025-08-15,1.3464080623395724,7686355.871380482,86951120.83001094,coingecko,-1.833972031512987,-38.516134048109116,0x8bdf8fd81fc094db8782d91921ac4365ee84809f1d8c93c5c32c62ec6b4c2272,balancer.eth,[BIP-843] Balancer DAO Investment Policy Statement,2025-06-12 14:44:45,2025-06-22 14:44:45,0.23,"['pattern_matching_financial_activism', 'sentiment_analysis', 'structural_analysis']",64
1755388800000,2025-08-16 20:00:00,2025-08-16,1.3388108374514784,4401455.277714525,86470578.313946,coingecko,-0.5642587192245974,-42.73677472958305,0x8bdf8fd81fc094db8782d91921ac4365ee84809f1d8c93c5c32c62ec6b4c2272,balancer.eth,[BIP-843] Balancer DAO Investment Policy Statement,2025-06-12 14:44:45,2025-06-22 14:44:45,0.23,"['pattern_matching_financial_activism', 'sentiment_analysis', 'structural_analysis']",65
1755475200000,2025-08-17 20:00:00,2025-08-17,1.3645690025099964,4123699.390570485,88382798.66459824,coingecko,1.9239585113868918,-6.310546617396651,0x8bdf8fd81fc094db8782d91921ac4365ee84809f1d8c93c5c32c62ec6b4c2272,balancer.eth,[BIP-843] Balancer DAO Investment Policy Statement,2025-06-12 14:44:45,2025-06-22 14:44:45,0.23,"['pattern_matching_financial_activism', 'sentiment_analysis', 'structural_analysis']",66
1755561600000,2025-08-18 20:00:00,2025-08-18,1.3059775915942053,11260123.730686855,84372845.69207433,coingecko,-4.293766809008382,173.05879173527958,0x8bdf8fd81fc094db8782d91921ac4365ee84809f1d8c93c5c32c62ec6b4c2272,balancer.eth,[BIP-843] Balancer DAO Investment Policy Statement,2025-06-12 14:44:45,2025-06-22 14:44:45,0.23,"['pattern_matching_financial_activism', 'sentiment_analysis', 'structural_analysis']",67
1755648000000,2025-08-19 20:00:00,2025-08-19,1.2572938214700264,9680909.368664714,81194448.78014363,coingecko,-3.727764583215454,-14.024840221944979,0x8bdf8fd81fc094db8782d91921ac4365ee84809f1d8c93c5c32c62ec6b4c2272,balancer.eth,[BIP-843] Balancer DAO Investment Policy Statement,2025-06-12 14:44:45,2025-06-22 14:44:45,0.23,"['pattern_matching_financial_activism', 'sentiment_analysis', 'structural_analysis']",68
1755734400000,2025-08-20 20:00:00,2025-08-20,1.3820845479833226,25841477.45387556,89259762.41939457,coingecko,9.92534317613929,166.93233527750576,0x8bdf8fd81fc094db8782d91921ac4365ee84809f1d8c93c5c32c62ec6b4c2272,balancer.eth,[BIP-843] Balancer DAO Investment Policy Statement,2025-06-12 14:44:45,2025-06-22 14:44:45,0.23,"['pattern_matching_financial_activism', 'sentiment_analysis', 'structural_analysis']",69
1755820800000,2025-08-21 20:00:00,2025-08-21,1.2915572529793036,8218414.052883088,83483498.79043306,coingecko,-6.550054780375958,-68.19681046661465,0x8bdf8fd81fc094db8782d91921ac4365ee84809f1d8c93c5c32c62ec6b4c2272,balancer.eth,[BIP-843] Balancer DAO Investment Policy Statement,2025-06-12 14:44:45,2025-06-22 14:44:45,0.23,"['pattern_matching_financial_activism', 'sentiment_analysis', 'structural_analysis']",70
1755907200000,2025-08-22 20:00:00,2025-08-22,1.4166279202524763,13155328.99709441,91483550.13366915,coingecko,9.683710651205413,60.071382537357195,0x8bdf8fd81fc094db8782d91921ac4365ee84809f1d8c93c5c32c62ec6b4c2272,balancer.eth,[BIP-843] Balancer DAO Investment Policy Statement,2025-06-12 14:44:45,2025-06-22 14:44:45,0.23,"['pattern_matching_financial_activism', 'sentiment_analysis', 'structural_analysis']",71
1755993600000,2025-08-23 20:00:00,2025-08-23,1.383686831091091,6666033.842434422,89362251.82774428,coingecko,-2.3253169509404037,-49.32826200008578,0x8bdf8fd81fc094db8782d91921ac4365ee84809f1d8c93c5c32c62ec6b4c2272,balancer.eth,[BIP-843] Balancer DAO Investment Policy Statement,2025-06-12 14:44:45,2025-06-22 14:44:45,0.23,"['pattern_matching_financial_activism', 'sentiment_analysis', 'structural_analysis']",72
1756080000000,2025-08-24 20:00:00,2025-08-24,1.409264878361334,25985122.023572095,91166628.8930886,coingecko,1.8485430876055808,289.81383289950986,0x8bdf8fd81fc094db8782d91921ac4365ee84809f1d8c93c5c32c62ec6b4c2272,balancer.eth,[BIP-843] Balancer DAO Investment Policy Statement,2025-06-12 14:44:45,2025-06-22 14:44:45,0.23,"['pattern_matching_financial_activism', 'sentiment_analysis', 'structural_analysis']",73
1756166400000,2025-08-25 20:00:00,2025-08-25,1.2824938359627762,12488665.301050408,82793581.16464755,coingecko,-8.995544013412482,-51.939170076933,0x8bdf8fd81fc094db8782d91921ac4365ee84809f1d8c93c5c32c62ec6b4c2272,balancer.eth,[BIP-843] Balancer DAO Investment Policy Statement,2025-06-12 14:44:45,2025-06-22 14:44:45,0.23,"['pattern_matching_financial_activism', 'sentiment_analysis', 'structural_analysis']",74
1756252800000,2025-08-26 20:00:00,2025-08-26,1.3553085161877172,17447780.36850303,87497771.41674264,coingecko,5.677585200265578,39.708927638852785,0x8bdf8fd81fc094db8782d91921ac4365ee84809f1d8c93c5c32c62ec6b4c2272,balancer.eth,[BIP-843] Balancer DAO Investment Policy Statement,2025-06-12 14:44:45,2025-06-22 14:44:45,0.23,"['pattern_matching_financial_activism', 'sentiment_analysis', 'structural_analysis']",75
1756339200000,2025-08-27 20:00:00,2025-08-27,1.3112246615854666,8301657.350735909,84694255.59393935,coingecko,-3.2526804100849294,-52.419980218674844,0x8bdf8fd81fc094db8782d91921ac4365ee84809f1d8c93c5c32c62ec6b4c2272,balancer.eth,[BIP-843] Balancer DAO Investment Policy Statement,2025-06-12 14:44:45,2025-06-22 14:44:45,0.23,"['pattern_matching_financial_activism', 'sentiment_analysis', 'structural_analysis']",76
1756425600000,2025-08-28 20:00:00,2025-08-28,1.2991670574246554,5145895.574755324,83881026.4713826,coingecko,-0.9195681345888995,-38.01363562302218,0x8bdf8fd81fc094db8782d91921ac4365ee84809f1d8c93c5c32c62ec6b4c2272,balancer.eth,[BIP-843] Balancer DAO Investment Policy Statement,2025-06-12 14:44:45,2025-06-22 14:44:45,0.23,"['pattern_matching_financial_activism', 'sentiment_analysis', 'structural_analysis']",77
1756512000000,2025-08-29 20:00:00,2025-08-29,1.2395222824195518,6805913.810777222,80063154.66905546,coingecko,-4.591001185277721,32.25907350638042,0x8bdf8fd81fc094db8782d91921ac4365ee84809f1d8c93c5c32c62ec6b4c2272,balancer.eth,[BIP-843] Balancer DAO Investment Policy Statement,2025-06-12 14:44:45,2025-06-22 14:44:45,0.23,"['pattern_matching_financial_activism', 'sentiment_analysis', 'structural_analysis']",78
1756598400000,2025-08-30 20:00:00,2025-08-30,1.2491967869486407,5658431.352806688,80719363.23259355,coingecko,0.7805026715779873,-16.860079188095,0x8bdf8fd81fc094db8782d91921ac4365ee84809f1d8c93c5c32c62ec6b4c2272,balancer.eth,[BIP-843] Balancer DAO Investment Policy Statement,2025-06-12 14:44:45,2025-06-22 14:44:45,0.23,"['pattern_matching_financial_activism', 'sentiment_analysis', 'structural_analysis']",79
1756684800000,2025-08-31 20:00:00,2025-08-31,1.2643193835458997,14617694.396910723,81704971.20565966,coingecko,1.2105856143128868,158.3347483690877,0x8bdf8fd81fc094db8782d91921ac4365ee84809f1d8c93c5c32c62ec6b4c2272,balancer.eth,[BIP-843] Balancer DAO Investment Policy Statement,2025-06-12 14:44:45,2025-06-22 14:44:45,0.23,"['pattern_matching_financial_activism', 'sentiment_analysis', 'structural_analysis']",80
1756771200000,2025-09-01 20:00:00,2025-09-01,1.239824800892833,12013680.088307396,80041733.7468194,coingecko,-1.9373730223426144,-17.814124703234015,0x8bdf8fd81fc094db8782d91921ac4365ee84809f1d8c93c5c32c62ec6b4c2272,balancer.eth,[BIP-843] Balancer DAO Investment Policy Statement,2025-06-12 14:44:45,2025-06-22 14:44:45,0.23,"['pattern_matching_financial_activism', 'sentiment_analysis', 'structural_analysis']",81
1756857600000,2025-09-02 20:00:00,2025-09-02,1.2580251910393077,8667704.091293324,81286428.26452585,coingecko,1.467980809334346,-27.851382527412426,0x8bdf8fd81fc094db8782d91921ac4365ee84809f1d8c93c5c32c62ec6b4c2272,balancer.eth,[BIP-843] Balancer DAO Investment Policy Statement,2025-06-12 14:44:45,2025-06-22 14:44:45,0.23,"['pattern_matching_financial_activism', 'sentiment_analysis', 'structural_analysis']",82
1756944000000,2025-09-03 20:00:00,2025-09-03,1.2996621196797105,36508151.66663623,83928113.96282978,coingecko,3.3097054762476485,321.19748530996264,0x8bdf8fd81fc094db8782d91921ac4365ee84809f1d8c93c5c32c62ec6b4c2272,balancer.eth,[BIP-843] Balancer DAO Investment Policy Statement,2025-06-12 14:44:45,2025-06-22 14:44:45,0.23,"['pattern_matching_financial_activism', 'sentiment_analysis', 'structural_analysis']",83
1757030400000,2025-09-04 20:00:00,2025-09-04,1.2490499328570834,8316743.633530402,80681318.34093885,coingecko,-3.8942572885866666,-77.2194886515418,0x8bdf8fd81fc094db8782d91921ac4365ee84809f1d8c93c5c32c62ec6b4c2272,balancer.eth,[BIP-843] Balancer DAO Investment Policy Statement,2025-06-12 14:44:45,2025-06-22 14:44:45,0.23,"['pattern_matching_financial_activism', 'sentiment_analysis', 'structural_analysis']",84
1757116800000,2025-09-05 20:00:00,2025-09-05,1.2295300605184503,5435844.797358783,79393313.75234127,coingecko,-1.5627775819965217,-34.63974559173344,0x8bdf8fd81fc094db8782d91921ac4365ee84809f1d8c93c5c32c62ec6b4c2272,balancer.eth,[BIP-843] Balancer DAO Investment Policy Statement,2025-06-12 14:44:45,2025-06-22 14:44:45,0.23,"['pattern_matching_financial_activism', 'sentiment_analysis', 'structural_analysis']",85
1757203200000,2025-09-06 20:00:00,2025-09-06,1.2276493931558912,2881318.4635094614,79295337.36933607,coingecko,-0.1529582255000772,-46.99409988840259,0x8bdf8fd81fc094db8782d91921ac4365ee84809f1d8c93c5c32c62ec6b4c2272,balancer.eth,[BIP-843] Balancer DAO Investment Policy Statement,2025-06-12 14:44:45,2025-06-22 14:44:45,0.23,"['pattern_matching_financial_activism', 'sentiment_analysis', 'structural_analysis']",86
1757289600000,2025-09-07 20:00:00,2025-09-07,1.2292814193081736,2554324.5324234893,79378927.96653707,coingecko,0.13293910797178565,-11.348760479870446,0x8bdf8fd81fc094db8782d91921ac4365ee84809f1d8c93c5c32c62ec6b4c2272,balancer.eth,[BIP-843] Balancer DAO Investment Policy Statement,2025-06-12 14:44:45,2025-06-22 14:44:45,0.23,"['pattern_matching_financial_activism', 'sentiment_analysis', 'structural_analysis']",87
1757376000000,2025-09-08 20:00:00,2025-09-08,1.230549189981157,5556790.7083595535,79493986.67091931,coingecko,0.10313103680497093,117.54442858861745,0x8bdf8fd81fc094db8782d91921ac4365ee84809f1d8c93c5c32c62ec6b4c2272,balancer.eth,[BIP-843] Balancer DAO Investment Policy Statement,2025-06-12 14:44:45,2025-06-22 14:44:45,0.23,"['pattern_matching_financial_activism', 'sentiment_analysis', 'structural_analysis']",88
1757462400000,2025-09-09 20:00:00,2025-09-09,1.2346585226800035,4405967.748752979,79712005.01519957,coingecko,0.3339429851568543,-20.710208823868314,0x8bdf8fd81fc094db8782d91921ac4365ee84809f1d8c93c5c32c62ec6b4c2272,balancer.eth,[BIP-843] Balancer DAO Investment Policy Statement,2025-06-12 14:44:45,2025-06-22 14:44:45,0.23,"['pattern_matching_financial_activism', 'sentiment_analysis', 'structural_analysis']",89
1757548800000,2025-09-10 20:00:00,2025-09-10,1.2365649810078694,3998295.6282182992,79821836.9009777,coingecko,0.15441179021125073,-9.252725934048488,0x8bdf8fd81fc094db8782d91921ac4365ee84809f1d8c93c5c32c62ec6b4c2272,balancer.eth,[BIP-843] Balancer DAO Investment Policy Statement,2025-06-12 14:44:45,2025-06-22 14:44:45,0.23,"['pattern_matching_financial_activism', 'sentiment_analysis', 'structural_analysis']",90
1757635200000,2025-09-11 20:00:00,2025-09-11,1.246474471722011,4772497.486371448,80475839.9345433,coingecko,0.8013724200781613,19.3632970180883,0x8bdf8fd81fc094db8782d91921ac4365ee84809f1d8c93c5c32c62ec6b4c2272,balancer.eth,[BIP-843] Balancer DAO Investment Policy Statement,2025-06-12 14:44:45,2025-06-22 14:44:45,0.23,"['pattern_matching_financial_activism', 'sentiment_analysis', 'structural_analysis']",91
1757721600000,2025-09-12 20:00:00,2025-09-12,1.3077807142681201,5209514.7107446175,84490434.96542618,coingecko,4.918371289338497,9.156992237735784,0x8bdf8fd81fc094db8782d91921ac4365ee84809f1d8c93c5c32c62ec6b4c2272,balancer.eth,[BIP-843] Balancer DAO Investment Policy Statement,2025-06-12 14:44:45,2025-06-22 14:44:45,0.23,"['pattern_matching_financial_activism', 'sentiment_analysis', 'structural_analysis']",92
1757808000000,2025-09-13 20:00:00,2025-09-13,1.2853407497331375,4159056.7118817456,83024048.03661285,coingecko,-1.71588128576593,-20.16421983983083,0x8bdf8fd81fc094db8782d91921ac4365ee84809f1d8c93c5c32c62ec6b4c2272,balancer.eth,[BIP-843] Balancer DAO Investment Policy Statement,2025-06-12 14:44:45,2025-06-22 14:44:45,0.23,"['pattern_matching_financial_activism', 'sentiment_analysis', 'structural_analysis']",93
